{
  "metaVersion": 2,
  "host": "mastodon-emoji-getter",
  "exportedAt": "2024-09-26T02:07:17.831Z",
  "emojis": [
    {
      "downloaded": true,
      "fileName": "chiikawa_01.png",
      "emoji": {
        "name": "chiikawa_01",
        "category": "chiikawa",
        "aliases": []
      }
    },
    {
      "downloaded": true,
      "fileName": "chiikawa_02.png",
      "emoji": {
        "name": "chiikawa_02",
        "category": "chiikawa",
        "aliases": []
      }
    },
    {
      "downloaded": true,
      "fileName": "chiikawa_03.png",
      "emoji": {
        "name": "chiikawa_03",
        "category": "chiikawa",
        "aliases": []
      }
    },
    {
      "downloaded": true,
      "fileName": "chiikawa_04.png",
      "emoji": {
        "name": "chiikawa_04",
        "category": "chiikawa",
        "aliases": []
      }
    },
    {
      "downloaded": true,
      "fileName": "chiikawa_05.png",
      "emoji": {
        "name": "chiikawa_05",
        "category": "chiikawa",
        "aliases": []
      }
    },
    {
      "downloaded": true,
      "fileName": "chiikawa_06.png",
      "emoji": {
        "name": "chiikawa_06",
        "category": "chiikawa",
        "aliases": []
      }
    },
    {
      "downloaded": true,
      "fileName": "chiikawa_07.png",
      "emoji": {
        "name": "chiikawa_07",
        "category": "chiikawa",
        "aliases": []
      }
    },
    {
      "downloaded": true,
      "fileName": "chiikawa_08.png",
      "emoji": {
        "name": "chiikawa_08",
        "category": "chiikawa",
        "aliases": []
      }
    },
    {
      "downloaded": true,
      "fileName": "chiikawa_09.png",
      "emoji": {
        "name": "chiikawa_09",
        "category": "chiikawa",
        "aliases": []
      }
    },
    {
      "downloaded": true,
      "fileName": "chiikawa_10.png",
      "emoji": {
        "name": "chiikawa_10",
        "category": "chiikawa",
        "aliases": []
      }
    },
    {
      "downloaded": true,
      "fileName": "chiikawa_11.png",
      "emoji": {
        "name": "chiikawa_11",
        "category": "chiikawa",
        "aliases": []
      }
    },
    {
      "downloaded": true,
      "fileName": "chiikawa_12.png",
      "emoji": {
        "name": "chiikawa_12",
        "category": "chiikawa",
        "aliases": []
      }
    },
    {
      "downloaded": true,
      "fileName": "chiikawa_13.png",
      "emoji": {
        "name": "chiikawa_13",
        "category": "chiikawa",
        "aliases": []
      }
    },
    {
      "downloaded": true,
      "fileName": "chiikawa_14.png",
      "emoji": {
        "name": "chiikawa_14",
        "category": "chiikawa",
        "aliases": []
      }
    },
    {
      "downloaded": true,
      "fileName": "chiikawa_15.png",
      "emoji": {
        "name": "chiikawa_15",
        "category": "chiikawa",
        "aliases": []
      }
    },
    {
      "downloaded": true,
      "fileName": "chiikawa_16.png",
      "emoji": {
        "name": "chiikawa_16",
        "category": "chiikawa",
        "aliases": []
      }
    },
    {
      "downloaded": true,
      "fileName": "chiikawa_17.png",
      "emoji": {
        "name": "chiikawa_17",
        "category": "chiikawa",
        "aliases": []
      }
    },
    {
      "downloaded": true,
      "fileName": "chiikawa_18.png",
      "emoji": {
        "name": "chiikawa_18",
        "category": "chiikawa",
        "aliases": []
      }
    },
    {
      "downloaded": true,
      "fileName": "chiikawa_19.png",
      "emoji": {
        "name": "chiikawa_19",
        "category": "chiikawa",
        "aliases": []
      }
    },
    {
      "downloaded": true,
      "fileName": "chiikawa_20.png",
      "emoji": {
        "name": "chiikawa_20",
        "category": "chiikawa",
        "aliases": []
      }
    },
    {
      "downloaded": true,
      "fileName": "chiikawa_21.png",
      "emoji": {
        "name": "chiikawa_21",
        "category": "chiikawa",
        "aliases": []
      }
    },
    {
      "downloaded": true,
      "fileName": "chiikawa_22.png",
      "emoji": {
        "name": "chiikawa_22",
        "category": "chiikawa",
        "aliases": []
      }
    },
    {
      "downloaded": true,
      "fileName": "chiikawa_23.png",
      "emoji": {
        "name": "chiikawa_23",
        "category": "chiikawa",
        "aliases": []
      }
    },
    {
      "downloaded": true,
      "fileName": "chiikawa_24.png",
      "emoji": {
        "name": "chiikawa_24",
        "category": "chiikawa",
        "aliases": []
      }
    },
    {
      "downloaded": true,
      "fileName": "chiikawa_25.png",
      "emoji": {
        "name": "chiikawa_25",
        "category": "chiikawa",
        "aliases": []
      }
    },
    {
      "downloaded": true,
      "fileName": "chiikawa_26.png",
      "emoji": {
        "name": "chiikawa_26",
        "category": "chiikawa",
        "aliases": []
      }
    },
    {
      "downloaded": true,
      "fileName": "chiikawa_27.png",
      "emoji": {
        "name": "chiikawa_27",
        "category": "chiikawa",
        "aliases": []
      }
    },
    {
      "downloaded": true,
      "fileName": "chiikawa_28.png",
      "emoji": {
        "name": "chiikawa_28",
        "category": "chiikawa",
        "aliases": []
      }
    },
    {
      "downloaded": true,
      "fileName": "chiikawa_29.png",
      "emoji": {
        "name": "chiikawa_29",
        "category": "chiikawa",
        "aliases": []
      }
    },
    {
      "downloaded": true,
      "fileName": "chiikawa_30.png",
      "emoji": {
        "name": "chiikawa_30",
        "category": "chiikawa",
        "aliases": []
      }
    },
    {
      "downloaded": true,
      "fileName": "chiikawa_31.png",
      "emoji": {
        "name": "chiikawa_31",
        "category": "chiikawa",
        "aliases": []
      }
    },
    {
      "downloaded": true,
      "fileName": "chiikawa_32.png",
      "emoji": {
        "name": "chiikawa_32",
        "category": "chiikawa",
        "aliases": []
      }
    },
    {
      "downloaded": true,
      "fileName": "chiikawa_33.png",
      "emoji": {
        "name": "chiikawa_33",
        "category": "chiikawa",
        "aliases": []
      }
    },
    {
      "downloaded": true,
      "fileName": "chiikawa_34.png",
      "emoji": {
        "name": "chiikawa_34",
        "category": "chiikawa",
        "aliases": []
      }
    },
    {
      "downloaded": true,
      "fileName": "chiikawa_35.png",
      "emoji": {
        "name": "chiikawa_35",
        "category": "chiikawa",
        "aliases": []
      }
    },
    {
      "downloaded": true,
      "fileName": "chiikawa_36.png",
      "emoji": {
        "name": "chiikawa_36",
        "category": "chiikawa",
        "aliases": []
      }
    },
    {
      "downloaded": true,
      "fileName": "chiikawa_37.png",
      "emoji": {
        "name": "chiikawa_37",
        "category": "chiikawa",
        "aliases": []
      }
    },
    {
      "downloaded": true,
      "fileName": "chiikawa_38.png",
      "emoji": {
        "name": "chiikawa_38",
        "category": "chiikawa",
        "aliases": []
      }
    },
    {
      "downloaded": true,
      "fileName": "chiikawa_39.png",
      "emoji": {
        "name": "chiikawa_39",
        "category": "chiikawa",
        "aliases": []
      }
    },
    {
      "downloaded": true,
      "fileName": "chiikawa_40.png",
      "emoji": {
        "name": "chiikawa_40",
        "category": "chiikawa",
        "aliases": []
      }
    },
    {
      "downloaded": true,
      "fileName": "chiikawa_41.png",
      "emoji": {
        "name": "chiikawa_41",
        "category": "chiikawa",
        "aliases": []
      }
    },
    {
      "downloaded": true,
      "fileName": "chiikawa_42.png",
      "emoji": {
        "name": "chiikawa_42",
        "category": "chiikawa",
        "aliases": []
      }
    },
    {
      "downloaded": true,
      "fileName": "chiikawa_43.png",
      "emoji": {
        "name": "chiikawa_43",
        "category": "chiikawa",
        "aliases": []
      }
    },
    {
      "downloaded": true,
      "fileName": "chiikawa_44.png",
      "emoji": {
        "name": "chiikawa_44",
        "category": "chiikawa",
        "aliases": []
      }
    },
    {
      "downloaded": true,
      "fileName": "chiikawa_45.png",
      "emoji": {
        "name": "chiikawa_45",
        "category": "chiikawa",
        "aliases": []
      }
    },
    {
      "downloaded": true,
      "fileName": "chiikawa_46.png",
      "emoji": {
        "name": "chiikawa_46",
        "category": "chiikawa",
        "aliases": []
      }
    },
    {
      "downloaded": true,
      "fileName": "chiikawa_47.png",
      "emoji": {
        "name": "chiikawa_47",
        "category": "chiikawa",
        "aliases": []
      }
    },
    {
      "downloaded": true,
      "fileName": "chiikawa_48.png",
      "emoji": {
        "name": "chiikawa_48",
        "category": "chiikawa",
        "aliases": []
      }
    },
    {
      "downloaded": true,
      "fileName": "chiikawa_49.png",
      "emoji": {
        "name": "chiikawa_49",
        "category": "chiikawa",
        "aliases": []
      }
    },
    {
      "downloaded": true,
      "fileName": "chiikawa_50.png",
      "emoji": {
        "name": "chiikawa_50",
        "category": "chiikawa",
        "aliases": []
      }
    },
    {
      "downloaded": true,
      "fileName": "chiikawa_51.png",
      "emoji": {
        "name": "chiikawa_51",
        "category": "chiikawa",
        "aliases": []
      }
    },
    {
      "downloaded": true,
      "fileName": "chiikawa_52.png",
      "emoji": {
        "name": "chiikawa_52",
        "category": "chiikawa",
        "aliases": []
      }
    },
    {
      "downloaded": true,
      "fileName": "chiikawa_53.png",
      "emoji": {
        "name": "chiikawa_53",
        "category": "chiikawa",
        "aliases": []
      }
    },
    {
      "downloaded": true,
      "fileName": "chiikawa_54.png",
      "emoji": {
        "name": "chiikawa_54",
        "category": "chiikawa",
        "aliases": []
      }
    },
    {
      "downloaded": true,
      "fileName": "chiikawa_55.png",
      "emoji": {
        "name": "chiikawa_55",
        "category": "chiikawa",
        "aliases": []
      }
    },
    {
      "downloaded": true,
      "fileName": "chiikawa_56.png",
      "emoji": {
        "name": "chiikawa_56",
        "category": "chiikawa",
        "aliases": []
      }
    },
    {
      "downloaded": true,
      "fileName": "chiikawa_57.png",
      "emoji": {
        "name": "chiikawa_57",
        "category": "chiikawa",
        "aliases": []
      }
    },
    {
      "downloaded": true,
      "fileName": "chiikawa_58.png",
      "emoji": {
        "name": "chiikawa_58",
        "category": "chiikawa",
        "aliases": []
      }
    },
    {
      "downloaded": true,
      "fileName": "chiikawa_59.png",
      "emoji": {
        "name": "chiikawa_59",
        "category": "chiikawa",
        "aliases": []
      }
    },
    {
      "downloaded": true,
      "fileName": "chiikawa_60.png",
      "emoji": {
        "name": "chiikawa_60",
        "category": "chiikawa",
        "aliases": []
      }
    },
    {
      "downloaded": true,
      "fileName": "chiikawa_61.gif",
      "emoji": {
        "name": "chiikawa_61",
        "category": "chiikawa",
        "aliases": []
      }
    },
    {
      "downloaded": true,
      "fileName": "chiikawa_62.gif",
      "emoji": {
        "name": "chiikawa_62",
        "category": "chiikawa",
        "aliases": []
      }
    },
    {
      "downloaded": true,
      "fileName": "chiikawa_63.gif",
      "emoji": {
        "name": "chiikawa_63",
        "category": "chiikawa",
        "aliases": []
      }
    },
    {
      "downloaded": true,
      "fileName": "chiikawa_64.gif",
      "emoji": {
        "name": "chiikawa_64",
        "category": "chiikawa",
        "aliases": []
      }
    },
    {
      "downloaded": true,
      "fileName": "chiikawa_65.gif",
      "emoji": {
        "name": "chiikawa_65",
        "category": "chiikawa",
        "aliases": []
      }
    },
    {
      "downloaded": true,
      "fileName": "chiikawa_66.gif",
      "emoji": {
        "name": "chiikawa_66",
        "category": "chiikawa",
        "aliases": []
      }
    },
    {
      "downloaded": true,
      "fileName": "chiikawa_67.gif",
      "emoji": {
        "name": "chiikawa_67",
        "category": "chiikawa",
        "aliases": []
      }
    },
    {
      "downloaded": true,
      "fileName": "chiikawa_68.gif",
      "emoji": {
        "name": "chiikawa_68",
        "category": "chiikawa",
        "aliases": []
      }
    },
    {
      "downloaded": true,
      "fileName": "chiikawa_69.gif",
      "emoji": {
        "name": "chiikawa_69",
        "category": "chiikawa",
        "aliases": []
      }
    },
    {
      "downloaded": true,
      "fileName": "chiikawa_70.gif",
      "emoji": {
        "name": "chiikawa_70",
        "category": "chiikawa",
        "aliases": []
      }
    },
    {
      "downloaded": true,
      "fileName": "chiikawa_71.gif",
      "emoji": {
        "name": "chiikawa_71",
        "category": "chiikawa",
        "aliases": []
      }
    },
    {
      "downloaded": true,
      "fileName": "chiikawa_72.gif",
      "emoji": {
        "name": "chiikawa_72",
        "category": "chiikawa",
        "aliases": []
      }
    },
    {
      "downloaded": true,
      "fileName": "chiikawa_73.gif",
      "emoji": {
        "name": "chiikawa_73",
        "category": "chiikawa",
        "aliases": []
      }
    },
    {
      "downloaded": true,
      "fileName": "chiikawa_74.gif",
      "emoji": {
        "name": "chiikawa_74",
        "category": "chiikawa",
        "aliases": []
      }
    },
    {
      "downloaded": true,
      "fileName": "chiikawa_75.gif",
      "emoji": {
        "name": "chiikawa_75",
        "category": "chiikawa",
        "aliases": []
      }
    },
    {
      "downloaded": true,
      "fileName": "chiikawa_76.gif",
      "emoji": {
        "name": "chiikawa_76",
        "category": "chiikawa",
        "aliases": []
      }
    },
    {
      "downloaded": true,
      "fileName": "chiikawa_77.gif",
      "emoji": {
        "name": "chiikawa_77",
        "category": "chiikawa",
        "aliases": []
      }
    },
    {
      "downloaded": true,
      "fileName": "chiikawa_78.gif",
      "emoji": {
        "name": "chiikawa_78",
        "category": "chiikawa",
        "aliases": []
      }
    },
    {
      "downloaded": true,
      "fileName": "chiikawa_79.gif",
      "emoji": {
        "name": "chiikawa_79",
        "category": "chiikawa",
        "aliases": []
      }
    },
    {
      "downloaded": true,
      "fileName": "chiikawa_80.gif",
      "emoji": {
        "name": "chiikawa_80",
        "category": "chiikawa",
        "aliases": []
      }
    },
    {
      "downloaded": true,
      "fileName": "chiikawa_81.gif",
      "emoji": {
        "name": "chiikawa_81",
        "category": "chiikawa",
        "aliases": []
      }
    },
    {
      "downloaded": true,
      "fileName": "chiikawa_82.gif",
      "emoji": {
        "name": "chiikawa_82",
        "category": "chiikawa",
        "aliases": []
      }
    }
  ]
}