{
  "metaVersion": 2,
  "host": "stelpolva.moe",
  "exportedAt": "2024-09-19T07:12:05.428Z",
  "emojis": [
    {
      "downloaded": true,
      "fileName": "aru_0.png",
      "emoji": {
        "name": "aru_0",
        "category": "aru",
        "aliases": []
      }
    },
    {
      "downloaded": true,
      "fileName": "aru_1.png",
      "emoji": {
        "name": "aru_1",
        "category": "aru",
        "aliases": []
      }
    },
    {
      "downloaded": true,
      "fileName": "aru_10.png",
      "emoji": {
        "name": "aru_10",
        "category": "aru",
        "aliases": []
      }
    },
    {
      "downloaded": true,
      "fileName": "aru_100.png",
      "emoji": {
        "name": "aru_100",
        "category": "aru",
        "aliases": []
      }
    },
    {
      "downloaded": true,
      "fileName": "aru_101.png",
      "emoji": {
        "name": "aru_101",
        "category": "aru",
        "aliases": []
      }
    },
    {
      "downloaded": true,
      "fileName": "aru_102.png",
      "emoji": {
        "name": "aru_102",
        "category": "aru",
        "aliases": []
      }
    },
    {
      "downloaded": true,
      "fileName": "aru_103.png",
      "emoji": {
        "name": "aru_103",
        "category": "aru",
        "aliases": []
      }
    },
    {
      "downloaded": true,
      "fileName": "aru_104.png",
      "emoji": {
        "name": "aru_104",
        "category": "aru",
        "aliases": []
      }
    },
    {
      "downloaded": true,
      "fileName": "aru_105.png",
      "emoji": {
        "name": "aru_105",
        "category": "aru",
        "aliases": []
      }
    },
    {
      "downloaded": true,
      "fileName": "aru_106.png",
      "emoji": {
        "name": "aru_106",
        "category": "aru",
        "aliases": []
      }
    },
    {
      "downloaded": true,
      "fileName": "aru_107.png",
      "emoji": {
        "name": "aru_107",
        "category": "aru",
        "aliases": []
      }
    },
    {
      "downloaded": true,
      "fileName": "aru_108.png",
      "emoji": {
        "name": "aru_108",
        "category": "aru",
        "aliases": []
      }
    },
    {
      "downloaded": true,
      "fileName": "aru_109.png",
      "emoji": {
        "name": "aru_109",
        "category": "aru",
        "aliases": []
      }
    },
    {
      "downloaded": true,
      "fileName": "aru_11.png",
      "emoji": {
        "name": "aru_11",
        "category": "aru",
        "aliases": []
      }
    },
    {
      "downloaded": true,
      "fileName": "aru_110.png",
      "emoji": {
        "name": "aru_110",
        "category": "aru",
        "aliases": []
      }
    },
    {
      "downloaded": true,
      "fileName": "aru_111.png",
      "emoji": {
        "name": "aru_111",
        "category": "aru",
        "aliases": []
      }
    },
    {
      "downloaded": true,
      "fileName": "aru_112.png",
      "emoji": {
        "name": "aru_112",
        "category": "aru",
        "aliases": []
      }
    },
    {
      "downloaded": true,
      "fileName": "aru_113.png",
      "emoji": {
        "name": "aru_113",
        "category": "aru",
        "aliases": []
      }
    },
    {
      "downloaded": true,
      "fileName": "aru_114.png",
      "emoji": {
        "name": "aru_114",
        "category": "aru",
        "aliases": []
      }
    },
    {
      "downloaded": true,
      "fileName": "aru_115.png",
      "emoji": {
        "name": "aru_115",
        "category": "aru",
        "aliases": []
      }
    },
    {
      "downloaded": true,
      "fileName": "aru_116.png",
      "emoji": {
        "name": "aru_116",
        "category": "aru",
        "aliases": []
      }
    },
    {
      "downloaded": true,
      "fileName": "aru_117.png",
      "emoji": {
        "name": "aru_117",
        "category": "aru",
        "aliases": []
      }
    },
    {
      "downloaded": true,
      "fileName": "aru_118.png",
      "emoji": {
        "name": "aru_118",
        "category": "aru",
        "aliases": []
      }
    },
    {
      "downloaded": true,
      "fileName": "aru_119.png",
      "emoji": {
        "name": "aru_119",
        "category": "aru",
        "aliases": []
      }
    },
    {
      "downloaded": true,
      "fileName": "aru_12.png",
      "emoji": {
        "name": "aru_12",
        "category": "aru",
        "aliases": []
      }
    },
    {
      "downloaded": true,
      "fileName": "aru_120.png",
      "emoji": {
        "name": "aru_120",
        "category": "aru",
        "aliases": []
      }
    },
    {
      "downloaded": true,
      "fileName": "aru_121.png",
      "emoji": {
        "name": "aru_121",
        "category": "aru",
        "aliases": []
      }
    },
    {
      "downloaded": true,
      "fileName": "aru_122.png",
      "emoji": {
        "name": "aru_122",
        "category": "aru",
        "aliases": []
      }
    },
    {
      "downloaded": true,
      "fileName": "aru_123.png",
      "emoji": {
        "name": "aru_123",
        "category": "aru",
        "aliases": []
      }
    },
    {
      "downloaded": true,
      "fileName": "aru_124.png",
      "emoji": {
        "name": "aru_124",
        "category": "aru",
        "aliases": []
      }
    },
    {
      "downloaded": true,
      "fileName": "aru_125.png",
      "emoji": {
        "name": "aru_125",
        "category": "aru",
        "aliases": []
      }
    },
    {
      "downloaded": true,
      "fileName": "aru_126.png",
      "emoji": {
        "name": "aru_126",
        "category": "aru",
        "aliases": []
      }
    },
    {
      "downloaded": true,
      "fileName": "aru_127.png",
      "emoji": {
        "name": "aru_127",
        "category": "aru",
        "aliases": []
      }
    },
    {
      "downloaded": true,
      "fileName": "aru_128.png",
      "emoji": {
        "name": "aru_128",
        "category": "aru",
        "aliases": []
      }
    },
    {
      "downloaded": true,
      "fileName": "aru_129.png",
      "emoji": {
        "name": "aru_129",
        "category": "aru",
        "aliases": []
      }
    },
    {
      "downloaded": true,
      "fileName": "aru_13.png",
      "emoji": {
        "name": "aru_13",
        "category": "aru",
        "aliases": []
      }
    },
    {
      "downloaded": true,
      "fileName": "aru_130.png",
      "emoji": {
        "name": "aru_130",
        "category": "aru",
        "aliases": []
      }
    },
    {
      "downloaded": true,
      "fileName": "aru_131.png",
      "emoji": {
        "name": "aru_131",
        "category": "aru",
        "aliases": []
      }
    },
    {
      "downloaded": true,
      "fileName": "aru_132.png",
      "emoji": {
        "name": "aru_132",
        "category": "aru",
        "aliases": []
      }
    },
    {
      "downloaded": true,
      "fileName": "aru_133.png",
      "emoji": {
        "name": "aru_133",
        "category": "aru",
        "aliases": []
      }
    },
    {
      "downloaded": true,
      "fileName": "aru_134.png",
      "emoji": {
        "name": "aru_134",
        "category": "aru",
        "aliases": []
      }
    },
    {
      "downloaded": true,
      "fileName": "aru_135.png",
      "emoji": {
        "name": "aru_135",
        "category": "aru",
        "aliases": []
      }
    },
    {
      "downloaded": true,
      "fileName": "aru_136.png",
      "emoji": {
        "name": "aru_136",
        "category": "aru",
        "aliases": []
      }
    },
    {
      "downloaded": true,
      "fileName": "aru_137.png",
      "emoji": {
        "name": "aru_137",
        "category": "aru",
        "aliases": []
      }
    },
    {
      "downloaded": true,
      "fileName": "aru_138.png",
      "emoji": {
        "name": "aru_138",
        "category": "aru",
        "aliases": []
      }
    },
    {
      "downloaded": true,
      "fileName": "aru_139.png",
      "emoji": {
        "name": "aru_139",
        "category": "aru",
        "aliases": []
      }
    },
    {
      "downloaded": true,
      "fileName": "aru_14.png",
      "emoji": {
        "name": "aru_14",
        "category": "aru",
        "aliases": []
      }
    },
    {
      "downloaded": true,
      "fileName": "aru_140.png",
      "emoji": {
        "name": "aru_140",
        "category": "aru",
        "aliases": []
      }
    },
    {
      "downloaded": true,
      "fileName": "aru_141.png",
      "emoji": {
        "name": "aru_141",
        "category": "aru",
        "aliases": []
      }
    },
    {
      "downloaded": true,
      "fileName": "aru_142.png",
      "emoji": {
        "name": "aru_142",
        "category": "aru",
        "aliases": []
      }
    },
    {
      "downloaded": true,
      "fileName": "aru_143.png",
      "emoji": {
        "name": "aru_143",
        "category": "aru",
        "aliases": []
      }
    },
    {
      "downloaded": true,
      "fileName": "aru_144.png",
      "emoji": {
        "name": "aru_144",
        "category": "aru",
        "aliases": []
      }
    },
    {
      "downloaded": true,
      "fileName": "aru_145.png",
      "emoji": {
        "name": "aru_145",
        "category": "aru",
        "aliases": []
      }
    },
    {
      "downloaded": true,
      "fileName": "aru_146.png",
      "emoji": {
        "name": "aru_146",
        "category": "aru",
        "aliases": []
      }
    },
    {
      "downloaded": true,
      "fileName": "aru_147.png",
      "emoji": {
        "name": "aru_147",
        "category": "aru",
        "aliases": []
      }
    },
    {
      "downloaded": true,
      "fileName": "aru_148.png",
      "emoji": {
        "name": "aru_148",
        "category": "aru",
        "aliases": []
      }
    },
    {
      "downloaded": true,
      "fileName": "aru_149.png",
      "emoji": {
        "name": "aru_149",
        "category": "aru",
        "aliases": []
      }
    },
    {
      "downloaded": true,
      "fileName": "aru_15.png",
      "emoji": {
        "name": "aru_15",
        "category": "aru",
        "aliases": []
      }
    },
    {
      "downloaded": true,
      "fileName": "aru_150.png",
      "emoji": {
        "name": "aru_150",
        "category": "aru",
        "aliases": []
      }
    },
    {
      "downloaded": true,
      "fileName": "aru_151.png",
      "emoji": {
        "name": "aru_151",
        "category": "aru",
        "aliases": []
      }
    },
    {
      "downloaded": true,
      "fileName": "aru_152.png",
      "emoji": {
        "name": "aru_152",
        "category": "aru",
        "aliases": []
      }
    },
    {
      "downloaded": true,
      "fileName": "aru_153.png",
      "emoji": {
        "name": "aru_153",
        "category": "aru",
        "aliases": []
      }
    },
    {
      "downloaded": true,
      "fileName": "aru_154.png",
      "emoji": {
        "name": "aru_154",
        "category": "aru",
        "aliases": []
      }
    },
    {
      "downloaded": true,
      "fileName": "aru_155.png",
      "emoji": {
        "name": "aru_155",
        "category": "aru",
        "aliases": []
      }
    },
    {
      "downloaded": true,
      "fileName": "aru_156.png",
      "emoji": {
        "name": "aru_156",
        "category": "aru",
        "aliases": []
      }
    },
    {
      "downloaded": true,
      "fileName": "aru_157.png",
      "emoji": {
        "name": "aru_157",
        "category": "aru",
        "aliases": []
      }
    },
    {
      "downloaded": true,
      "fileName": "aru_158.png",
      "emoji": {
        "name": "aru_158",
        "category": "aru",
        "aliases": []
      }
    },
    {
      "downloaded": true,
      "fileName": "aru_159.png",
      "emoji": {
        "name": "aru_159",
        "category": "aru",
        "aliases": []
      }
    },
    {
      "downloaded": true,
      "fileName": "aru_16.png",
      "emoji": {
        "name": "aru_16",
        "category": "aru",
        "aliases": []
      }
    },
    {
      "downloaded": true,
      "fileName": "aru_160.png",
      "emoji": {
        "name": "aru_160",
        "category": "aru",
        "aliases": []
      }
    },
    {
      "downloaded": true,
      "fileName": "aru_161.png",
      "emoji": {
        "name": "aru_161",
        "category": "aru",
        "aliases": []
      }
    },
    {
      "downloaded": true,
      "fileName": "aru_162.png",
      "emoji": {
        "name": "aru_162",
        "category": "aru",
        "aliases": []
      }
    },
    {
      "downloaded": true,
      "fileName": "aru_163.png",
      "emoji": {
        "name": "aru_163",
        "category": "aru",
        "aliases": []
      }
    },
    {
      "downloaded": true,
      "fileName": "aru_164.png",
      "emoji": {
        "name": "aru_164",
        "category": "aru",
        "aliases": []
      }
    },
    {
      "downloaded": true,
      "fileName": "aru_165.png",
      "emoji": {
        "name": "aru_165",
        "category": "aru",
        "aliases": []
      }
    },
    {
      "downloaded": true,
      "fileName": "aru_166.png",
      "emoji": {
        "name": "aru_166",
        "category": "aru",
        "aliases": []
      }
    },
    {
      "downloaded": true,
      "fileName": "aru_167.png",
      "emoji": {
        "name": "aru_167",
        "category": "aru",
        "aliases": []
      }
    },
    {
      "downloaded": true,
      "fileName": "aru_168.png",
      "emoji": {
        "name": "aru_168",
        "category": "aru",
        "aliases": []
      }
    },
    {
      "downloaded": true,
      "fileName": "aru_169.png",
      "emoji": {
        "name": "aru_169",
        "category": "aru",
        "aliases": []
      }
    },
    {
      "downloaded": true,
      "fileName": "aru_17.png",
      "emoji": {
        "name": "aru_17",
        "category": "aru",
        "aliases": []
      }
    },
    {
      "downloaded": true,
      "fileName": "aru_170.png",
      "emoji": {
        "name": "aru_170",
        "category": "aru",
        "aliases": []
      }
    },
    {
      "downloaded": true,
      "fileName": "aru_171.png",
      "emoji": {
        "name": "aru_171",
        "category": "aru",
        "aliases": []
      }
    },
    {
      "downloaded": true,
      "fileName": "aru_172.png",
      "emoji": {
        "name": "aru_172",
        "category": "aru",
        "aliases": []
      }
    },
    {
      "downloaded": true,
      "fileName": "aru_173.png",
      "emoji": {
        "name": "aru_173",
        "category": "aru",
        "aliases": []
      }
    },
    {
      "downloaded": true,
      "fileName": "aru_174.png",
      "emoji": {
        "name": "aru_174",
        "category": "aru",
        "aliases": []
      }
    },
    {
      "downloaded": true,
      "fileName": "aru_175.png",
      "emoji": {
        "name": "aru_175",
        "category": "aru",
        "aliases": []
      }
    },
    {
      "downloaded": true,
      "fileName": "aru_176.png",
      "emoji": {
        "name": "aru_176",
        "category": "aru",
        "aliases": []
      }
    },
    {
      "downloaded": true,
      "fileName": "aru_177.png",
      "emoji": {
        "name": "aru_177",
        "category": "aru",
        "aliases": []
      }
    },
    {
      "downloaded": true,
      "fileName": "aru_178.png",
      "emoji": {
        "name": "aru_178",
        "category": "aru",
        "aliases": []
      }
    },
    {
      "downloaded": true,
      "fileName": "aru_179.png",
      "emoji": {
        "name": "aru_179",
        "category": "aru",
        "aliases": []
      }
    },
    {
      "downloaded": true,
      "fileName": "aru_18.png",
      "emoji": {
        "name": "aru_18",
        "category": "aru",
        "aliases": []
      }
    },
    {
      "downloaded": true,
      "fileName": "aru_180.png",
      "emoji": {
        "name": "aru_180",
        "category": "aru",
        "aliases": []
      }
    },
    {
      "downloaded": true,
      "fileName": "aru_181.png",
      "emoji": {
        "name": "aru_181",
        "category": "aru",
        "aliases": []
      }
    },
    {
      "downloaded": true,
      "fileName": "aru_182.png",
      "emoji": {
        "name": "aru_182",
        "category": "aru",
        "aliases": []
      }
    },
    {
      "downloaded": true,
      "fileName": "aru_183.png",
      "emoji": {
        "name": "aru_183",
        "category": "aru",
        "aliases": []
      }
    },
    {
      "downloaded": true,
      "fileName": "aru_184.png",
      "emoji": {
        "name": "aru_184",
        "category": "aru",
        "aliases": []
      }
    },
    {
      "downloaded": true,
      "fileName": "aru_185.png",
      "emoji": {
        "name": "aru_185",
        "category": "aru",
        "aliases": []
      }
    },
    {
      "downloaded": true,
      "fileName": "aru_186.png",
      "emoji": {
        "name": "aru_186",
        "category": "aru",
        "aliases": []
      }
    },
    {
      "downloaded": true,
      "fileName": "aru_187.png",
      "emoji": {
        "name": "aru_187",
        "category": "aru",
        "aliases": []
      }
    },
    {
      "downloaded": true,
      "fileName": "aru_188.png",
      "emoji": {
        "name": "aru_188",
        "category": "aru",
        "aliases": []
      }
    },
    {
      "downloaded": true,
      "fileName": "aru_189.png",
      "emoji": {
        "name": "aru_189",
        "category": "aru",
        "aliases": []
      }
    },
    {
      "downloaded": true,
      "fileName": "aru_19.png",
      "emoji": {
        "name": "aru_19",
        "category": "aru",
        "aliases": []
      }
    },
    {
      "downloaded": true,
      "fileName": "aru_190.png",
      "emoji": {
        "name": "aru_190",
        "category": "aru",
        "aliases": []
      }
    },
    {
      "downloaded": true,
      "fileName": "aru_191.png",
      "emoji": {
        "name": "aru_191",
        "category": "aru",
        "aliases": []
      }
    },
    {
      "downloaded": true,
      "fileName": "aru_192.png",
      "emoji": {
        "name": "aru_192",
        "category": "aru",
        "aliases": []
      }
    },
    {
      "downloaded": true,
      "fileName": "aru_193.png",
      "emoji": {
        "name": "aru_193",
        "category": "aru",
        "aliases": []
      }
    },
    {
      "downloaded": true,
      "fileName": "aru_194.png",
      "emoji": {
        "name": "aru_194",
        "category": "aru",
        "aliases": []
      }
    },
    {
      "downloaded": true,
      "fileName": "aru_195.png",
      "emoji": {
        "name": "aru_195",
        "category": "aru",
        "aliases": []
      }
    },
    {
      "downloaded": true,
      "fileName": "aru_196.png",
      "emoji": {
        "name": "aru_196",
        "category": "aru",
        "aliases": []
      }
    },
    {
      "downloaded": true,
      "fileName": "aru_197.png",
      "emoji": {
        "name": "aru_197",
        "category": "aru",
        "aliases": []
      }
    },
    {
      "downloaded": true,
      "fileName": "aru_198.png",
      "emoji": {
        "name": "aru_198",
        "category": "aru",
        "aliases": []
      }
    },
    {
      "downloaded": true,
      "fileName": "aru_199.png",
      "emoji": {
        "name": "aru_199",
        "category": "aru",
        "aliases": []
      }
    },
    {
      "downloaded": true,
      "fileName": "aru_2.png",
      "emoji": {
        "name": "aru_2",
        "category": "aru",
        "aliases": []
      }
    },
    {
      "downloaded": true,
      "fileName": "aru_20.png",
      "emoji": {
        "name": "aru_20",
        "category": "aru",
        "aliases": []
      }
    },
    {
      "downloaded": true,
      "fileName": "aru_200.png",
      "emoji": {
        "name": "aru_200",
        "category": "aru",
        "aliases": []
      }
    },
    {
      "downloaded": true,
      "fileName": "aru_201.png",
      "emoji": {
        "name": "aru_201",
        "category": "aru",
        "aliases": []
      }
    },
    {
      "downloaded": true,
      "fileName": "aru_202.png",
      "emoji": {
        "name": "aru_202",
        "category": "aru",
        "aliases": []
      }
    },
    {
      "downloaded": true,
      "fileName": "aru_203.png",
      "emoji": {
        "name": "aru_203",
        "category": "aru",
        "aliases": []
      }
    },
    {
      "downloaded": true,
      "fileName": "aru_204.png",
      "emoji": {
        "name": "aru_204",
        "category": "aru",
        "aliases": []
      }
    },
    {
      "downloaded": true,
      "fileName": "aru_205.png",
      "emoji": {
        "name": "aru_205",
        "category": "aru",
        "aliases": []
      }
    },
    {
      "downloaded": true,
      "fileName": "aru_206.png",
      "emoji": {
        "name": "aru_206",
        "category": "aru",
        "aliases": []
      }
    },
    {
      "downloaded": true,
      "fileName": "aru_207.png",
      "emoji": {
        "name": "aru_207",
        "category": "aru",
        "aliases": []
      }
    },
    {
      "downloaded": true,
      "fileName": "aru_208.png",
      "emoji": {
        "name": "aru_208",
        "category": "aru",
        "aliases": []
      }
    },
    {
      "downloaded": true,
      "fileName": "aru_209.png",
      "emoji": {
        "name": "aru_209",
        "category": "aru",
        "aliases": []
      }
    },
    {
      "downloaded": true,
      "fileName": "aru_21.png",
      "emoji": {
        "name": "aru_21",
        "category": "aru",
        "aliases": []
      }
    },
    {
      "downloaded": true,
      "fileName": "aru_210.png",
      "emoji": {
        "name": "aru_210",
        "category": "aru",
        "aliases": []
      }
    },
    {
      "downloaded": true,
      "fileName": "aru_211.png",
      "emoji": {
        "name": "aru_211",
        "category": "aru",
        "aliases": []
      }
    },
    {
      "downloaded": true,
      "fileName": "aru_212.png",
      "emoji": {
        "name": "aru_212",
        "category": "aru",
        "aliases": []
      }
    },
    {
      "downloaded": true,
      "fileName": "aru_213.png",
      "emoji": {
        "name": "aru_213",
        "category": "aru",
        "aliases": []
      }
    },
    {
      "downloaded": true,
      "fileName": "aru_214.png",
      "emoji": {
        "name": "aru_214",
        "category": "aru",
        "aliases": []
      }
    },
    {
      "downloaded": true,
      "fileName": "aru_215.png",
      "emoji": {
        "name": "aru_215",
        "category": "aru",
        "aliases": []
      }
    },
    {
      "downloaded": true,
      "fileName": "aru_216.png",
      "emoji": {
        "name": "aru_216",
        "category": "aru",
        "aliases": []
      }
    },
    {
      "downloaded": true,
      "fileName": "aru_217.png",
      "emoji": {
        "name": "aru_217",
        "category": "aru",
        "aliases": []
      }
    },
    {
      "downloaded": true,
      "fileName": "aru_218.png",
      "emoji": {
        "name": "aru_218",
        "category": "aru",
        "aliases": []
      }
    },
    {
      "downloaded": true,
      "fileName": "aru_219.png",
      "emoji": {
        "name": "aru_219",
        "category": "aru",
        "aliases": []
      }
    },
    {
      "downloaded": true,
      "fileName": "aru_22.png",
      "emoji": {
        "name": "aru_22",
        "category": "aru",
        "aliases": []
      }
    },
    {
      "downloaded": true,
      "fileName": "aru_220.png",
      "emoji": {
        "name": "aru_220",
        "category": "aru",
        "aliases": []
      }
    },
    {
      "downloaded": true,
      "fileName": "aru_221.png",
      "emoji": {
        "name": "aru_221",
        "category": "aru",
        "aliases": []
      }
    },
    {
      "downloaded": true,
      "fileName": "aru_222.png",
      "emoji": {
        "name": "aru_222",
        "category": "aru",
        "aliases": []
      }
    },
    {
      "downloaded": true,
      "fileName": "aru_223.png",
      "emoji": {
        "name": "aru_223",
        "category": "aru",
        "aliases": []
      }
    },
    {
      "downloaded": true,
      "fileName": "aru_224.png",
      "emoji": {
        "name": "aru_224",
        "category": "aru",
        "aliases": []
      }
    },
    {
      "downloaded": true,
      "fileName": "aru_225.png",
      "emoji": {
        "name": "aru_225",
        "category": "aru",
        "aliases": []
      }
    },
    {
      "downloaded": true,
      "fileName": "aru_226.png",
      "emoji": {
        "name": "aru_226",
        "category": "aru",
        "aliases": []
      }
    },
    {
      "downloaded": true,
      "fileName": "aru_227.png",
      "emoji": {
        "name": "aru_227",
        "category": "aru",
        "aliases": []
      }
    },
    {
      "downloaded": true,
      "fileName": "aru_228.png",
      "emoji": {
        "name": "aru_228",
        "category": "aru",
        "aliases": []
      }
    },
    {
      "downloaded": true,
      "fileName": "aru_229.png",
      "emoji": {
        "name": "aru_229",
        "category": "aru",
        "aliases": []
      }
    },
    {
      "downloaded": true,
      "fileName": "aru_23.png",
      "emoji": {
        "name": "aru_23",
        "category": "aru",
        "aliases": []
      }
    },
    {
      "downloaded": true,
      "fileName": "aru_230.png",
      "emoji": {
        "name": "aru_230",
        "category": "aru",
        "aliases": []
      }
    },
    {
      "downloaded": true,
      "fileName": "aru_231.png",
      "emoji": {
        "name": "aru_231",
        "category": "aru",
        "aliases": []
      }
    },
    {
      "downloaded": true,
      "fileName": "aru_232.png",
      "emoji": {
        "name": "aru_232",
        "category": "aru",
        "aliases": []
      }
    },
    {
      "downloaded": true,
      "fileName": "aru_233.png",
      "emoji": {
        "name": "aru_233",
        "category": "aru",
        "aliases": []
      }
    },
    {
      "downloaded": true,
      "fileName": "aru_234.png",
      "emoji": {
        "name": "aru_234",
        "category": "aru",
        "aliases": []
      }
    },
    {
      "downloaded": true,
      "fileName": "aru_235.png",
      "emoji": {
        "name": "aru_235",
        "category": "aru",
        "aliases": []
      }
    },
    {
      "downloaded": true,
      "fileName": "aru_236.png",
      "emoji": {
        "name": "aru_236",
        "category": "aru",
        "aliases": []
      }
    },
    {
      "downloaded": true,
      "fileName": "aru_237.png",
      "emoji": {
        "name": "aru_237",
        "category": "aru",
        "aliases": []
      }
    },
    {
      "downloaded": true,
      "fileName": "aru_238.png",
      "emoji": {
        "name": "aru_238",
        "category": "aru",
        "aliases": []
      }
    },
    {
      "downloaded": true,
      "fileName": "aru_239.png",
      "emoji": {
        "name": "aru_239",
        "category": "aru",
        "aliases": []
      }
    },
    {
      "downloaded": true,
      "fileName": "aru_24.png",
      "emoji": {
        "name": "aru_24",
        "category": "aru",
        "aliases": []
      }
    },
    {
      "downloaded": true,
      "fileName": "aru_240.png",
      "emoji": {
        "name": "aru_240",
        "category": "aru",
        "aliases": []
      }
    },
    {
      "downloaded": true,
      "fileName": "aru_241.png",
      "emoji": {
        "name": "aru_241",
        "category": "aru",
        "aliases": []
      }
    },
    {
      "downloaded": true,
      "fileName": "aru_242.png",
      "emoji": {
        "name": "aru_242",
        "category": "aru",
        "aliases": []
      }
    },
    {
      "downloaded": true,
      "fileName": "aru_243.png",
      "emoji": {
        "name": "aru_243",
        "category": "aru",
        "aliases": []
      }
    },
    {
      "downloaded": true,
      "fileName": "aru_244.png",
      "emoji": {
        "name": "aru_244",
        "category": "aru",
        "aliases": []
      }
    },
    {
      "downloaded": true,
      "fileName": "aru_245.png",
      "emoji": {
        "name": "aru_245",
        "category": "aru",
        "aliases": []
      }
    },
    {
      "downloaded": true,
      "fileName": "aru_246.png",
      "emoji": {
        "name": "aru_246",
        "category": "aru",
        "aliases": []
      }
    },
    {
      "downloaded": true,
      "fileName": "aru_247.png",
      "emoji": {
        "name": "aru_247",
        "category": "aru",
        "aliases": []
      }
    },
    {
      "downloaded": true,
      "fileName": "aru_248.png",
      "emoji": {
        "name": "aru_248",
        "category": "aru",
        "aliases": []
      }
    },
    {
      "downloaded": true,
      "fileName": "aru_249.png",
      "emoji": {
        "name": "aru_249",
        "category": "aru",
        "aliases": []
      }
    },
    {
      "downloaded": true,
      "fileName": "aru_25.png",
      "emoji": {
        "name": "aru_25",
        "category": "aru",
        "aliases": []
      }
    },
    {
      "downloaded": true,
      "fileName": "aru_250.png",
      "emoji": {
        "name": "aru_250",
        "category": "aru",
        "aliases": []
      }
    },
    {
      "downloaded": true,
      "fileName": "aru_251.png",
      "emoji": {
        "name": "aru_251",
        "category": "aru",
        "aliases": []
      }
    },
    {
      "downloaded": true,
      "fileName": "aru_252.png",
      "emoji": {
        "name": "aru_252",
        "category": "aru",
        "aliases": []
      }
    },
    {
      "downloaded": true,
      "fileName": "aru_253.png",
      "emoji": {
        "name": "aru_253",
        "category": "aru",
        "aliases": []
      }
    },
    {
      "downloaded": true,
      "fileName": "aru_254.png",
      "emoji": {
        "name": "aru_254",
        "category": "aru",
        "aliases": []
      }
    },
    {
      "downloaded": true,
      "fileName": "aru_255.png",
      "emoji": {
        "name": "aru_255",
        "category": "aru",
        "aliases": []
      }
    },
    {
      "downloaded": true,
      "fileName": "aru_256.png",
      "emoji": {
        "name": "aru_256",
        "category": "aru",
        "aliases": []
      }
    },
    {
      "downloaded": true,
      "fileName": "aru_257.png",
      "emoji": {
        "name": "aru_257",
        "category": "aru",
        "aliases": []
      }
    },
    {
      "downloaded": true,
      "fileName": "aru_258.png",
      "emoji": {
        "name": "aru_258",
        "category": "aru",
        "aliases": []
      }
    },
    {
      "downloaded": true,
      "fileName": "aru_259.png",
      "emoji": {
        "name": "aru_259",
        "category": "aru",
        "aliases": []
      }
    },
    {
      "downloaded": true,
      "fileName": "aru_26.png",
      "emoji": {
        "name": "aru_26",
        "category": "aru",
        "aliases": []
      }
    },
    {
      "downloaded": true,
      "fileName": "aru_260.png",
      "emoji": {
        "name": "aru_260",
        "category": "aru",
        "aliases": []
      }
    },
    {
      "downloaded": true,
      "fileName": "aru_261.png",
      "emoji": {
        "name": "aru_261",
        "category": "aru",
        "aliases": []
      }
    },
    {
      "downloaded": true,
      "fileName": "aru_262.png",
      "emoji": {
        "name": "aru_262",
        "category": "aru",
        "aliases": []
      }
    },
    {
      "downloaded": true,
      "fileName": "aru_263.png",
      "emoji": {
        "name": "aru_263",
        "category": "aru",
        "aliases": []
      }
    },
    {
      "downloaded": true,
      "fileName": "aru_264.png",
      "emoji": {
        "name": "aru_264",
        "category": "aru",
        "aliases": []
      }
    },
    {
      "downloaded": true,
      "fileName": "aru_265.png",
      "emoji": {
        "name": "aru_265",
        "category": "aru",
        "aliases": []
      }
    },
    {
      "downloaded": true,
      "fileName": "aru_266.png",
      "emoji": {
        "name": "aru_266",
        "category": "aru",
        "aliases": []
      }
    },
    {
      "downloaded": true,
      "fileName": "aru_267.png",
      "emoji": {
        "name": "aru_267",
        "category": "aru",
        "aliases": []
      }
    },
    {
      "downloaded": true,
      "fileName": "aru_268.png",
      "emoji": {
        "name": "aru_268",
        "category": "aru",
        "aliases": []
      }
    },
    {
      "downloaded": true,
      "fileName": "aru_269.png",
      "emoji": {
        "name": "aru_269",
        "category": "aru",
        "aliases": []
      }
    },
    {
      "downloaded": true,
      "fileName": "aru_27.png",
      "emoji": {
        "name": "aru_27",
        "category": "aru",
        "aliases": []
      }
    },
    {
      "downloaded": true,
      "fileName": "aru_270.png",
      "emoji": {
        "name": "aru_270",
        "category": "aru",
        "aliases": []
      }
    },
    {
      "downloaded": true,
      "fileName": "aru_271.png",
      "emoji": {
        "name": "aru_271",
        "category": "aru",
        "aliases": []
      }
    },
    {
      "downloaded": true,
      "fileName": "aru_272.png",
      "emoji": {
        "name": "aru_272",
        "category": "aru",
        "aliases": []
      }
    },
    {
      "downloaded": true,
      "fileName": "aru_273.png",
      "emoji": {
        "name": "aru_273",
        "category": "aru",
        "aliases": []
      }
    },
    {
      "downloaded": true,
      "fileName": "aru_274.png",
      "emoji": {
        "name": "aru_274",
        "category": "aru",
        "aliases": []
      }
    },
    {
      "downloaded": true,
      "fileName": "aru_275.png",
      "emoji": {
        "name": "aru_275",
        "category": "aru",
        "aliases": []
      }
    },
    {
      "downloaded": true,
      "fileName": "aru_276.png",
      "emoji": {
        "name": "aru_276",
        "category": "aru",
        "aliases": []
      }
    },
    {
      "downloaded": true,
      "fileName": "aru_277.png",
      "emoji": {
        "name": "aru_277",
        "category": "aru",
        "aliases": []
      }
    },
    {
      "downloaded": true,
      "fileName": "aru_278.png",
      "emoji": {
        "name": "aru_278",
        "category": "aru",
        "aliases": []
      }
    },
    {
      "downloaded": true,
      "fileName": "aru_279.png",
      "emoji": {
        "name": "aru_279",
        "category": "aru",
        "aliases": []
      }
    },
    {
      "downloaded": true,
      "fileName": "aru_28.png",
      "emoji": {
        "name": "aru_28",
        "category": "aru",
        "aliases": []
      }
    },
    {
      "downloaded": true,
      "fileName": "aru_280.png",
      "emoji": {
        "name": "aru_280",
        "category": "aru",
        "aliases": []
      }
    },
    {
      "downloaded": true,
      "fileName": "aru_281.png",
      "emoji": {
        "name": "aru_281",
        "category": "aru",
        "aliases": []
      }
    },
    {
      "downloaded": true,
      "fileName": "aru_282.png",
      "emoji": {
        "name": "aru_282",
        "category": "aru",
        "aliases": []
      }
    },
    {
      "downloaded": true,
      "fileName": "aru_283.png",
      "emoji": {
        "name": "aru_283",
        "category": "aru",
        "aliases": []
      }
    },
    {
      "downloaded": true,
      "fileName": "aru_284.png",
      "emoji": {
        "name": "aru_284",
        "category": "aru",
        "aliases": []
      }
    },
    {
      "downloaded": true,
      "fileName": "aru_285.png",
      "emoji": {
        "name": "aru_285",
        "category": "aru",
        "aliases": []
      }
    },
    {
      "downloaded": true,
      "fileName": "aru_286.png",
      "emoji": {
        "name": "aru_286",
        "category": "aru",
        "aliases": []
      }
    },
    {
      "downloaded": true,
      "fileName": "aru_287.png",
      "emoji": {
        "name": "aru_287",
        "category": "aru",
        "aliases": []
      }
    },
    {
      "downloaded": true,
      "fileName": "aru_288.png",
      "emoji": {
        "name": "aru_288",
        "category": "aru",
        "aliases": []
      }
    },
    {
      "downloaded": true,
      "fileName": "aru_289.png",
      "emoji": {
        "name": "aru_289",
        "category": "aru",
        "aliases": []
      }
    },
    {
      "downloaded": true,
      "fileName": "aru_29.png",
      "emoji": {
        "name": "aru_29",
        "category": "aru",
        "aliases": []
      }
    },
    {
      "downloaded": true,
      "fileName": "aru_290.png",
      "emoji": {
        "name": "aru_290",
        "category": "aru",
        "aliases": []
      }
    },
    {
      "downloaded": true,
      "fileName": "aru_291.png",
      "emoji": {
        "name": "aru_291",
        "category": "aru",
        "aliases": []
      }
    },
    {
      "downloaded": true,
      "fileName": "aru_292.png",
      "emoji": {
        "name": "aru_292",
        "category": "aru",
        "aliases": []
      }
    },
    {
      "downloaded": true,
      "fileName": "aru_293.png",
      "emoji": {
        "name": "aru_293",
        "category": "aru",
        "aliases": []
      }
    },
    {
      "downloaded": true,
      "fileName": "aru_294.png",
      "emoji": {
        "name": "aru_294",
        "category": "aru",
        "aliases": []
      }
    },
    {
      "downloaded": true,
      "fileName": "aru_295.png",
      "emoji": {
        "name": "aru_295",
        "category": "aru",
        "aliases": []
      }
    },
    {
      "downloaded": true,
      "fileName": "aru_296.png",
      "emoji": {
        "name": "aru_296",
        "category": "aru",
        "aliases": []
      }
    },
    {
      "downloaded": true,
      "fileName": "aru_297.png",
      "emoji": {
        "name": "aru_297",
        "category": "aru",
        "aliases": []
      }
    },
    {
      "downloaded": true,
      "fileName": "aru_298.png",
      "emoji": {
        "name": "aru_298",
        "category": "aru",
        "aliases": []
      }
    },
    {
      "downloaded": true,
      "fileName": "aru_299.png",
      "emoji": {
        "name": "aru_299",
        "category": "aru",
        "aliases": []
      }
    },
    {
      "downloaded": true,
      "fileName": "aru_3.png",
      "emoji": {
        "name": "aru_3",
        "category": "aru",
        "aliases": []
      }
    },
    {
      "downloaded": true,
      "fileName": "aru_30.png",
      "emoji": {
        "name": "aru_30",
        "category": "aru",
        "aliases": []
      }
    },
    {
      "downloaded": true,
      "fileName": "aru_300.png",
      "emoji": {
        "name": "aru_300",
        "category": "aru",
        "aliases": []
      }
    },
    {
      "downloaded": true,
      "fileName": "aru_301.png",
      "emoji": {
        "name": "aru_301",
        "category": "aru",
        "aliases": []
      }
    },
    {
      "downloaded": true,
      "fileName": "aru_302.png",
      "emoji": {
        "name": "aru_302",
        "category": "aru",
        "aliases": []
      }
    },
    {
      "downloaded": true,
      "fileName": "aru_303.png",
      "emoji": {
        "name": "aru_303",
        "category": "aru",
        "aliases": []
      }
    },
    {
      "downloaded": true,
      "fileName": "aru_304.png",
      "emoji": {
        "name": "aru_304",
        "category": "aru",
        "aliases": []
      }
    },
    {
      "downloaded": true,
      "fileName": "aru_305.png",
      "emoji": {
        "name": "aru_305",
        "category": "aru",
        "aliases": []
      }
    },
    {
      "downloaded": true,
      "fileName": "aru_31.png",
      "emoji": {
        "name": "aru_31",
        "category": "aru",
        "aliases": []
      }
    },
    {
      "downloaded": true,
      "fileName": "aru_32.png",
      "emoji": {
        "name": "aru_32",
        "category": "aru",
        "aliases": []
      }
    },
    {
      "downloaded": true,
      "fileName": "aru_33.png",
      "emoji": {
        "name": "aru_33",
        "category": "aru",
        "aliases": []
      }
    },
    {
      "downloaded": true,
      "fileName": "aru_34.png",
      "emoji": {
        "name": "aru_34",
        "category": "aru",
        "aliases": []
      }
    },
    {
      "downloaded": true,
      "fileName": "aru_35.png",
      "emoji": {
        "name": "aru_35",
        "category": "aru",
        "aliases": []
      }
    },
    {
      "downloaded": true,
      "fileName": "aru_36.png",
      "emoji": {
        "name": "aru_36",
        "category": "aru",
        "aliases": []
      }
    },
    {
      "downloaded": true,
      "fileName": "aru_37.png",
      "emoji": {
        "name": "aru_37",
        "category": "aru",
        "aliases": []
      }
    },
    {
      "downloaded": true,
      "fileName": "aru_38.png",
      "emoji": {
        "name": "aru_38",
        "category": "aru",
        "aliases": []
      }
    },
    {
      "downloaded": true,
      "fileName": "aru_39.png",
      "emoji": {
        "name": "aru_39",
        "category": "aru",
        "aliases": []
      }
    },
    {
      "downloaded": true,
      "fileName": "aru_4.png",
      "emoji": {
        "name": "aru_4",
        "category": "aru",
        "aliases": []
      }
    },
    {
      "downloaded": true,
      "fileName": "aru_40.png",
      "emoji": {
        "name": "aru_40",
        "category": "aru",
        "aliases": []
      }
    },
    {
      "downloaded": true,
      "fileName": "aru_41.png",
      "emoji": {
        "name": "aru_41",
        "category": "aru",
        "aliases": []
      }
    },
    {
      "downloaded": true,
      "fileName": "aru_42.png",
      "emoji": {
        "name": "aru_42",
        "category": "aru",
        "aliases": []
      }
    },
    {
      "downloaded": true,
      "fileName": "aru_43.png",
      "emoji": {
        "name": "aru_43",
        "category": "aru",
        "aliases": []
      }
    },
    {
      "downloaded": true,
      "fileName": "aru_44.png",
      "emoji": {
        "name": "aru_44",
        "category": "aru",
        "aliases": []
      }
    },
    {
      "downloaded": true,
      "fileName": "aru_45.png",
      "emoji": {
        "name": "aru_45",
        "category": "aru",
        "aliases": []
      }
    },
    {
      "downloaded": true,
      "fileName": "aru_46.png",
      "emoji": {
        "name": "aru_46",
        "category": "aru",
        "aliases": []
      }
    },
    {
      "downloaded": true,
      "fileName": "aru_47.png",
      "emoji": {
        "name": "aru_47",
        "category": "aru",
        "aliases": []
      }
    },
    {
      "downloaded": true,
      "fileName": "aru_48.png",
      "emoji": {
        "name": "aru_48",
        "category": "aru",
        "aliases": []
      }
    },
    {
      "downloaded": true,
      "fileName": "aru_49.png",
      "emoji": {
        "name": "aru_49",
        "category": "aru",
        "aliases": []
      }
    },
    {
      "downloaded": true,
      "fileName": "aru_5.png",
      "emoji": {
        "name": "aru_5",
        "category": "aru",
        "aliases": []
      }
    },
    {
      "downloaded": true,
      "fileName": "aru_50.png",
      "emoji": {
        "name": "aru_50",
        "category": "aru",
        "aliases": []
      }
    },
    {
      "downloaded": true,
      "fileName": "aru_51.png",
      "emoji": {
        "name": "aru_51",
        "category": "aru",
        "aliases": []
      }
    },
    {
      "downloaded": true,
      "fileName": "aru_52.png",
      "emoji": {
        "name": "aru_52",
        "category": "aru",
        "aliases": []
      }
    },
    {
      "downloaded": true,
      "fileName": "aru_53.png",
      "emoji": {
        "name": "aru_53",
        "category": "aru",
        "aliases": []
      }
    },
    {
      "downloaded": true,
      "fileName": "aru_54.png",
      "emoji": {
        "name": "aru_54",
        "category": "aru",
        "aliases": []
      }
    },
    {
      "downloaded": true,
      "fileName": "aru_55.png",
      "emoji": {
        "name": "aru_55",
        "category": "aru",
        "aliases": []
      }
    },
    {
      "downloaded": true,
      "fileName": "aru_56.png",
      "emoji": {
        "name": "aru_56",
        "category": "aru",
        "aliases": []
      }
    },
    {
      "downloaded": true,
      "fileName": "aru_57.png",
      "emoji": {
        "name": "aru_57",
        "category": "aru",
        "aliases": []
      }
    },
    {
      "downloaded": true,
      "fileName": "aru_58.png",
      "emoji": {
        "name": "aru_58",
        "category": "aru",
        "aliases": []
      }
    },
    {
      "downloaded": true,
      "fileName": "aru_59.png",
      "emoji": {
        "name": "aru_59",
        "category": "aru",
        "aliases": []
      }
    },
    {
      "downloaded": true,
      "fileName": "aru_6.png",
      "emoji": {
        "name": "aru_6",
        "category": "aru",
        "aliases": []
      }
    },
    {
      "downloaded": true,
      "fileName": "aru_60.png",
      "emoji": {
        "name": "aru_60",
        "category": "aru",
        "aliases": []
      }
    },
    {
      "downloaded": true,
      "fileName": "aru_61.png",
      "emoji": {
        "name": "aru_61",
        "category": "aru",
        "aliases": []
      }
    },
    {
      "downloaded": true,
      "fileName": "aru_62.png",
      "emoji": {
        "name": "aru_62",
        "category": "aru",
        "aliases": []
      }
    },
    {
      "downloaded": true,
      "fileName": "aru_63.png",
      "emoji": {
        "name": "aru_63",
        "category": "aru",
        "aliases": []
      }
    },
    {
      "downloaded": true,
      "fileName": "aru_64.png",
      "emoji": {
        "name": "aru_64",
        "category": "aru",
        "aliases": []
      }
    },
    {
      "downloaded": true,
      "fileName": "aru_65.png",
      "emoji": {
        "name": "aru_65",
        "category": "aru",
        "aliases": []
      }
    },
    {
      "downloaded": true,
      "fileName": "aru_66.png",
      "emoji": {
        "name": "aru_66",
        "category": "aru",
        "aliases": []
      }
    },
    {
      "downloaded": true,
      "fileName": "aru_67.png",
      "emoji": {
        "name": "aru_67",
        "category": "aru",
        "aliases": []
      }
    },
    {
      "downloaded": true,
      "fileName": "aru_68.png",
      "emoji": {
        "name": "aru_68",
        "category": "aru",
        "aliases": []
      }
    },
    {
      "downloaded": true,
      "fileName": "aru_69.png",
      "emoji": {
        "name": "aru_69",
        "category": "aru",
        "aliases": []
      }
    },
    {
      "downloaded": true,
      "fileName": "aru_7.png",
      "emoji": {
        "name": "aru_7",
        "category": "aru",
        "aliases": []
      }
    },
    {
      "downloaded": true,
      "fileName": "aru_70.png",
      "emoji": {
        "name": "aru_70",
        "category": "aru",
        "aliases": []
      }
    },
    {
      "downloaded": true,
      "fileName": "aru_71.png",
      "emoji": {
        "name": "aru_71",
        "category": "aru",
        "aliases": []
      }
    },
    {
      "downloaded": true,
      "fileName": "aru_72.png",
      "emoji": {
        "name": "aru_72",
        "category": "aru",
        "aliases": []
      }
    },
    {
      "downloaded": true,
      "fileName": "aru_73.png",
      "emoji": {
        "name": "aru_73",
        "category": "aru",
        "aliases": []
      }
    },
    {
      "downloaded": true,
      "fileName": "aru_74.png",
      "emoji": {
        "name": "aru_74",
        "category": "aru",
        "aliases": []
      }
    },
    {
      "downloaded": true,
      "fileName": "aru_75.png",
      "emoji": {
        "name": "aru_75",
        "category": "aru",
        "aliases": []
      }
    },
    {
      "downloaded": true,
      "fileName": "aru_76.png",
      "emoji": {
        "name": "aru_76",
        "category": "aru",
        "aliases": []
      }
    },
    {
      "downloaded": true,
      "fileName": "aru_77.png",
      "emoji": {
        "name": "aru_77",
        "category": "aru",
        "aliases": []
      }
    },
    {
      "downloaded": true,
      "fileName": "aru_78.png",
      "emoji": {
        "name": "aru_78",
        "category": "aru",
        "aliases": []
      }
    },
    {
      "downloaded": true,
      "fileName": "aru_79.png",
      "emoji": {
        "name": "aru_79",
        "category": "aru",
        "aliases": []
      }
    },
    {
      "downloaded": true,
      "fileName": "aru_8.png",
      "emoji": {
        "name": "aru_8",
        "category": "aru",
        "aliases": []
      }
    },
    {
      "downloaded": true,
      "fileName": "aru_80.png",
      "emoji": {
        "name": "aru_80",
        "category": "aru",
        "aliases": []
      }
    },
    {
      "downloaded": true,
      "fileName": "aru_81.png",
      "emoji": {
        "name": "aru_81",
        "category": "aru",
        "aliases": []
      }
    },
    {
      "downloaded": true,
      "fileName": "aru_82.png",
      "emoji": {
        "name": "aru_82",
        "category": "aru",
        "aliases": []
      }
    },
    {
      "downloaded": true,
      "fileName": "aru_83.png",
      "emoji": {
        "name": "aru_83",
        "category": "aru",
        "aliases": []
      }
    },
    {
      "downloaded": true,
      "fileName": "aru_84.png",
      "emoji": {
        "name": "aru_84",
        "category": "aru",
        "aliases": []
      }
    },
    {
      "downloaded": true,
      "fileName": "aru_85.png",
      "emoji": {
        "name": "aru_85",
        "category": "aru",
        "aliases": []
      }
    },
    {
      "downloaded": true,
      "fileName": "aru_86.png",
      "emoji": {
        "name": "aru_86",
        "category": "aru",
        "aliases": []
      }
    },
    {
      "downloaded": true,
      "fileName": "aru_87.png",
      "emoji": {
        "name": "aru_87",
        "category": "aru",
        "aliases": []
      }
    },
    {
      "downloaded": true,
      "fileName": "aru_88.png",
      "emoji": {
        "name": "aru_88",
        "category": "aru",
        "aliases": []
      }
    },
    {
      "downloaded": true,
      "fileName": "aru_89.png",
      "emoji": {
        "name": "aru_89",
        "category": "aru",
        "aliases": []
      }
    },
    {
      "downloaded": true,
      "fileName": "aru_9.png",
      "emoji": {
        "name": "aru_9",
        "category": "aru",
        "aliases": []
      }
    },
    {
      "downloaded": true,
      "fileName": "aru_90.png",
      "emoji": {
        "name": "aru_90",
        "category": "aru",
        "aliases": []
      }
    },
    {
      "downloaded": true,
      "fileName": "aru_91.png",
      "emoji": {
        "name": "aru_91",
        "category": "aru",
        "aliases": []
      }
    },
    {
      "downloaded": true,
      "fileName": "aru_92.png",
      "emoji": {
        "name": "aru_92",
        "category": "aru",
        "aliases": []
      }
    },
    {
      "downloaded": true,
      "fileName": "aru_93.png",
      "emoji": {
        "name": "aru_93",
        "category": "aru",
        "aliases": []
      }
    },
    {
      "downloaded": true,
      "fileName": "aru_94.png",
      "emoji": {
        "name": "aru_94",
        "category": "aru",
        "aliases": []
      }
    },
    {
      "downloaded": true,
      "fileName": "aru_95.png",
      "emoji": {
        "name": "aru_95",
        "category": "aru",
        "aliases": []
      }
    },
    {
      "downloaded": true,
      "fileName": "aru_96.png",
      "emoji": {
        "name": "aru_96",
        "category": "aru",
        "aliases": []
      }
    },
    {
      "downloaded": true,
      "fileName": "aru_97.png",
      "emoji": {
        "name": "aru_97",
        "category": "aru",
        "aliases": []
      }
    },
    {
      "downloaded": true,
      "fileName": "aru_98.png",
      "emoji": {
        "name": "aru_98",
        "category": "aru",
        "aliases": []
      }
    },
    {
      "downloaded": true,
      "fileName": "aru_99.png",
      "emoji": {
        "name": "aru_99",
        "category": "aru",
        "aliases": []
      }
    }
  ]
}